name;address;email2;phone
Cathie;Cannes;Cathie@gmail.com;5892312274
Pearline;Kuwait City;Pearline@gmail.com;3487783073
Joane;Porto-Novo;Joane@gmail.com;3193546999
Delilah;Johannesburg;Delilah@gmail.com;3301028543
Rosanne;Asmara;Rosanne@gmail.com;4245082150
Christian;Johannesburg;Christian@gmail.com;4918775526
Penelopa;Santa Cruz de Tenerife;Penelopa@gmail.com;3597070950
Fina;Nukulaelae;Fina@gmail.com;5083578821
Starla;Quetzaltenango;Starla@gmail.com;2118772076
Ezmeralda;Stanley;Ezmeralda@gmail.com;6788165376
Corina;Chongjin;Corina@gmail.com;8530403973
Grier;Kano;Grier@gmail.com;5137694438
Ethel;Porto-Novo;Ethel@gmail.com;7931384596
Randa;Rockhampton;Randa@gmail.com;8845453767
Luci;Port Elizabeth;Luci@gmail.com;4024732336
Katharina;Livingstone;Katharina@gmail.com;8524157905
Helsa;Stuttgart;Helsa@gmail.com;6334401327
Vanessa;Kuwait City;Vanessa@gmail.com;5768387718
Daryl;Yangon;Daryl@gmail.com;3417560323
Adelle;Birmingham;Adelle@gmail.com;1705116022
Kimberley;Luxembourg (city);Kimberley@gmail.com;7865536931
Carmela;Kingstown;Carmela@gmail.com;1012748206
Jerry;Phoenix;Jerry@gmail.com;8835543485
Celisse;Riverside;Celisse@gmail.com;6071865255
Nyssa;Mogadishu;Nyssa@gmail.com;1283700933
Penelopa;Puebla;Penelopa@gmail.com;1042260113
Tamqrah;Edinburgh;Tamqrah@gmail.com;4464313097
Courtnay;Singapore;Courtnay@gmail.com;5652785006
Phylis;Bilbao;Phylis@gmail.com;3889154064
Shaylyn;Raleigh;Shaylyn@gmail.com;7141566755
Karly;Zagreb;Karly@gmail.com;1781127126
Carree;Sacramento;Carree@gmail.com;4898875248
Calla;Surabaya;Calla@gmail.com;6672092836
Ottilie;Cologne;Ottilie@gmail.com;3157316311
Mallory;Valletta;Mallory@gmail.com;6262433341
Valeda;Montevideo;Valeda@gmail.com;8531333981
Lorie;St. George's;Lorie@gmail.com;8530064776
Janey;Pyongyang;Janey@gmail.com;7689202824
Betta;Handan;Betta@gmail.com;8152579792
Fayre;Yangon;Fayre@gmail.com;7166996822
Kary;Praia;Kary@gmail.com;2176233311
Olwen;Lahore;Olwen@gmail.com;8608706790
Sharlene;Arequipa;Sharlene@gmail.com;6141796494
Charissa;Hargeisa;Charissa@gmail.com;5713861462
Tarra;Santiago;Tarra@gmail.com;6596909380
Binny;Bangkok;Binny@gmail.com;5912168536
Tobe;Xi'an;Tobe@gmail.com;3792552927
Elmira;Frankfurt;Elmira@gmail.com;8176420191
Gavrielle;Detroit;Gavrielle@gmail.com;5266605928
Drucie;Valdivia;Drucie@gmail.com;7717977792
Delilah;The Valley;Delilah@gmail.com;3469014081
Regina;Wonsan;Regina@gmail.com;5540667337
Jessy;Berlin;Jessy@gmail.com;2252435187
Queenie;Enugu;Queenie@gmail.com;6217833505
Maisey;Cebu City;Maisey@gmail.com;3796465085
Helena;Lobamba;Helena@gmail.com;2703795098
Jsandye;Gaziantep;Jsandye@gmail.com;1276362586
Gertrud;San Juan;Gertrud@gmail.com;3018783850
Carol-Jean;Hanoi;Carol-Jean@gmail.com;7444670261
Henriette;Denpasar;Henriette@gmail.com;2518983650
Tatiania;Rio de Janeiro;Tatiania@gmail.com;2547486407
Flo;Maracaibo;Flo@gmail.com;8628073963
Sean;Praia;Sean@gmail.com;5192533453
Celisse;Marseille;Celisse@gmail.com;7876469702
Marita;Panama City;Marita@gmail.com;8102258369
Deirdre;Bulawayo;Deirdre@gmail.com;7261680153
Nannie;Austin;Nannie@gmail.com;1036283620
Nita;Melekeok;Nita@gmail.com;4805003961
Cyb;Linz;Cyb@gmail.com;8289005874
Lacie;Malmö;Lacie@gmail.com;8697185867
Molli;Amsterdam;Molli@gmail.com;1899515192
Tilly;Fukuoka;Tilly@gmail.com;1715545626
Lexine;Cali;Lexine@gmail.com;5203517304
Kial;Avarua;Kial@gmail.com;3649089075
Angela;Bogotá;Angela@gmail.com;3995379372
Jolyn;Islamabad;Jolyn@gmail.com;3406519275
Jorry;Istanbul;Jorry@gmail.com;6719855356
Alie;Kansas City;Alie@gmail.com;6615034960
Nessie;Alexandria;Nessie@gmail.com;8770761452
Althea;Sofia;Althea@gmail.com;8574355261
Ottilie;Port Moresby;Ottilie@gmail.com;6967694173
Lyssa;Fukuoka;Lyssa@gmail.com;6990926220
June;Punta Arenas;June@gmail.com;5351774050
Bobbi;Udon Thani;Bobbi@gmail.com;6388020208
Daphne;Nairobi;Daphne@gmail.com;7464111559
Blondelle;Malmö;Blondelle@gmail.com;1307650025
Genevra;Funafuti;Genevra@gmail.com;4586229607
Lisette;Kano;Lisette@gmail.com;7879510284
Kayla;Kyoto;Kayla@gmail.com;3723797160
Meg;Bandung;Meg@gmail.com;5867126624
Alie;Amman;Alie@gmail.com;4552455030
Merrie;Turin;Merrie@gmail.com;6851250299
Cristine;Santo Domingo;Cristine@gmail.com;7354417607
Jeanna;Patna;Jeanna@gmail.com;2928883854
Minne;Honiara;Minne@gmail.com;4484697385
Constance;Kuwait City;Constance@gmail.com;2133425882
Rosaline;Durango;Rosaline@gmail.com;6071201258
Demetris;Melekeok;Demetris@gmail.com;5731616815
Desirae;Christchurch;Desirae@gmail.com;4102587242
